City_ID,City,Country,Date,Lat,Lng,Max Temp,Humidity,Cloudiness,Wind Speed
0,Ngunguru,NZ,2022-05-14 00:04:45,-35.6167,174.5,60.35,68,80,7.11
1,Pont-Rouge,CA,2022-05-14 00:04:46,46.7566,-71.6978,72.9,72,3,10.78
2,Rikitea,PF,2022-05-14 00:02:30,-23.1203,-134.9692,77.67,73,50,18.88
3,Pahrump,US,2022-05-14 00:04:47,36.2083,-115.9839,89.44,6,0,5.99
4,Bluff,NZ,2022-05-14 00:04:48,-46.6,168.3333,52.81,87,90,8.28
5,Bengkulu,ID,2022-05-14 00:00:55,-3.8004,102.2655,78.13,86,44,3.22
6,Ushuaia,AR,2022-05-14 00:04:49,-54.8,-68.3,42.46,93,75,8.05
7,Albany,US,2022-05-13 23:58:33,42.6001,-73.9662,75.88,65,21,6.26
8,Neiafu,TO,2022-05-14 00:04:50,-18.65,-173.9833,77.43,57,98,18.03
9,Port Elizabeth,ZA,2022-05-14 00:00:41,-33.918,25.5701,58.1,85,75,1.99
10,Mareeba,AU,2022-05-14 00:04:51,-17.0,145.4333,80.65,77,1,1.72
11,Yellowknife,CA,2022-05-14 00:01:50,62.456,-114.3525,56.48,44,63,7.34
12,Port Alfred,ZA,2022-05-14 00:04:52,-33.5906,26.891,62.53,76,80,13.24
13,Cherskiy,RU,2022-05-14 00:04:53,68.75,161.3,41.86,68,19,17.74
14,Komsomolskiy,UZ,2022-05-14 00:04:54,40.4272,71.7189,65.21,64,94,0.89
15,Kavieng,PG,2022-05-14 00:04:54,-2.5744,150.7967,84.87,65,64,10.33
16,Khatanga,RU,2022-05-14 00:04:55,71.9667,102.5,25.16,83,100,8.14
17,Ouango,CF,2022-05-14 00:04:56,4.3133,22.5552,69.08,97,100,0.67
18,Mikhaylovskoye,RU,2022-05-14 00:04:57,51.8239,79.7172,59.92,35,40,5.79
19,Qaanaaq,GL,2022-05-14 00:04:58,77.484,-69.3632,14.2,78,21,4.27
20,Whitehorse,CA,2022-05-14 00:03:25,60.7161,-135.0538,45.28,63,55,5.59
21,Yerbogachen,RU,2022-05-14 00:04:59,61.2767,108.0108,46.53,73,99,4.41
22,Hobart,AU,2022-05-14 00:03:55,-42.8794,147.3294,58.26,93,75,10.36
23,Souillac,MU,2022-05-14 00:05:01,-20.5167,57.5167,72.61,74,35,8.46
24,Upernavik,GL,2022-05-14 00:05:01,72.7868,-56.1549,13.01,85,56,3.0
25,Airai,TL,2022-05-14 00:05:02,-8.9266,125.4092,67.28,77,75,1.61
26,Carnarvon,AU,2022-05-14 00:05:04,-24.8667,113.6333,63.25,61,0,18.34
27,Avarua,CK,2022-05-14 00:05:04,-21.2078,-159.775,82.45,78,100,9.22
28,Barrow,US,2022-05-14 00:05:02,71.2906,-156.7887,21.22,79,100,5.75
29,Castro,BR,2022-05-14 00:02:36,-24.7911,-50.0119,54.72,91,0,3.85
30,Priargunsk,RU,2022-05-14 00:05:08,50.3691,119.1012,48.11,51,49,10.22
31,Puerto Ayora,EC,2022-05-14 00:05:09,-0.7393,-90.3518,73.54,95,97,6.93
32,Mandalgovi,MN,2022-05-14 00:05:09,45.7625,106.2708,44.64,36,2,12.62
33,Kodiak,US,2022-05-14 00:05:10,57.79,-152.4072,45.91,42,100,13.8
34,Saskylakh,RU,2022-05-14 00:05:11,71.9167,114.0833,14.47,93,76,2.68
35,Jiaohe,CN,2022-05-14 00:05:12,43.7286,127.3447,48.02,62,97,6.89
36,Yambio,SS,2022-05-14 00:05:13,4.5721,28.3955,68.38,92,45,4.14
37,Christchurch,NZ,2022-05-14 00:05:13,-43.5333,172.6333,58.48,86,100,5.75
38,Cape Town,ZA,2022-05-14 00:05:14,-33.9258,18.4232,59.11,89,44,1.99
39,Mataura,NZ,2022-05-14 00:05:15,-46.1927,168.8643,52.48,89,84,2.64
40,Maiduguri,NG,2022-05-14 00:01:16,11.8464,13.1603,85.69,32,36,7.81
41,Hermanus,ZA,2022-05-14 00:05:16,-34.4187,19.2345,53.8,76,58,8.14
42,Ulkan,RU,2022-05-14 00:05:27,57.243,107.3223,54.84,50,100,0.83
43,Berlevag,NO,2022-05-14 00:05:27,70.8578,29.0864,35.55,75,100,11.5
44,Tuktoyaktuk,CA,2022-05-14 00:05:28,69.4541,-133.0374,30.2,86,100,21.85
45,Punta Arenas,CL,2022-05-14 00:04:14,-53.15,-70.9167,41.11,81,40,9.22
46,Chokurdakh,RU,2022-05-14 00:05:29,70.6333,147.9167,17.94,88,100,5.77
47,Akaltara,IN,2022-05-14 00:05:30,22.0167,82.4333,85.01,41,60,6.17
48,Save,BJ,2022-05-14 00:05:31,8.0425,2.486,73.47,89,100,4.18
49,Talnakh,RU,2022-05-14 00:05:32,69.4865,88.3972,38.21,99,100,7.18
50,Evans,US,2022-05-14 00:05:33,33.5337,-82.1307,70.0,88,0,1.99
51,Lufilufi,WS,2022-05-14 00:05:33,-13.8745,-171.5986,79.02,83,56,8.84
52,Barmer,IN,2022-05-14 00:05:34,25.75,71.3833,82.13,40,1,7.27
53,Athabasca,CA,2022-05-14 00:05:35,54.7169,-113.2854,55.51,65,100,12.01
54,Atuona,PF,2022-05-14 00:05:35,-9.8,-139.0333,78.48,72,40,18.37
55,Grand Bend,CA,2022-05-14 00:05:37,43.3168,-81.7498,65.97,77,47,9.42
56,Winterberg,DE,2022-05-14 00:05:37,51.2,8.5333,48.43,95,66,3.4
57,Nantucket,US,2022-05-14 00:05:38,41.2835,-70.0995,60.85,100,100,5.75
58,Kapaa,US,2022-05-14 00:05:39,22.0752,-159.319,84.18,72,40,12.66
59,Jiexiu,CN,2022-05-14 00:05:40,37.0244,111.9125,56.71,31,100,2.98
60,Saint Anthony,US,2022-05-14 00:05:40,45.0205,-93.218,75.96,43,40,10.36
61,Jamestown,US,2022-05-14 00:05:41,42.097,-79.2353,74.84,53,40,8.05
62,Lebu,CL,2022-05-14 00:05:42,-37.6167,-73.65,50.68,77,91,17.07
63,Pisco,PE,2022-05-14 00:05:43,-13.7,-76.2167,63.01,88,8,13.8
64,Zhigansk,RU,2022-05-14 00:05:43,66.7697,123.3711,26.24,74,11,16.46
65,Turukhansk,RU,2022-05-14 00:05:44,65.8167,87.9833,45.1,86,96,6.58
66,Adrar,MR,2022-05-14 00:05:45,20.5022,-10.0711,88.48,10,72,10.09
67,Lensk,RU,2022-05-14 00:05:46,60.7253,114.9278,37.35,70,100,4.34
68,Dali,CN,2022-05-14 00:05:47,25.7,100.1833,61.52,93,98,5.28
69,Bambous Virieux,MU,2022-05-14 00:05:47,-20.3428,57.7575,70.21,72,32,10.54
70,Youghal,IE,2022-05-14 00:05:48,51.95,-7.8506,50.54,95,43,6.06
71,Vaini,TO,2022-05-14 00:05:49,-21.2,-175.2,74.91,65,46,18.92
72,Troitskoye,RU,2022-05-14 00:05:50,52.9821,84.6757,58.35,43,0,6.35
73,Axim,GH,2022-05-14 00:05:51,4.8699,-2.2405,80.42,87,60,7.76
74,Yarqa,JO,2022-05-14 00:05:52,31.9785,35.6947,72.3,22,5,6.64
75,Kerchevskiy,RU,2022-05-14 00:05:52,59.946,56.2884,46.54,96,92,1.81
76,Deputatskiy,RU,2022-05-14 00:05:53,69.3,139.9,16.99,69,100,3.49
77,Cabo San Lucas,MX,2022-05-14 00:05:54,22.8909,-109.9124,84.61,51,40,9.22
78,Nanortalik,GL,2022-05-14 00:05:55,60.1432,-45.2371,30.33,81,100,3.96
79,Mukhen,RU,2022-05-14 00:05:56,48.1,136.1,52.21,51,100,7.96
80,Lircay,PE,2022-05-14 00:05:56,-12.9896,-74.7205,48.22,87,76,5.79
81,Dabat,ET,2022-05-14 00:05:58,12.9842,37.765,61.92,56,2,2.04
82,Kurilsk,RU,2022-05-14 00:05:58,45.2333,147.8833,48.0,94,100,23.33
83,Baruun-Urt,MN,2022-05-14 00:05:59,46.6806,113.2792,47.03,43,75,8.97
84,Nikolskoye,RU,2022-05-14 00:06:00,59.7035,30.7861,46.8,87,65,7.31
85,Merauke,ID,2022-05-14 00:06:01,-8.4667,140.3333,83.64,68,72,9.78
86,Kars,TR,2022-05-14 00:06:02,40.602,43.095,39.65,81,0,2.3
87,Ginir,ET,2022-05-14 00:06:02,7.1333,40.7,56.64,85,26,4.76
88,Bredasdorp,ZA,2022-05-14 00:06:03,-34.5322,20.0403,54.3,79,65,6.64
89,Marzuq,YE,2022-05-14 00:06:14,14.4,46.4667,72.12,19,3,3.98
90,Taoudenni,ML,2022-05-14 00:06:15,22.6783,-3.9836,86.59,10,93,17.25
91,Busselton,AU,2022-05-14 00:04:07,-33.65,115.3333,61.56,82,80,18.66
92,Sao Filipe,CV,2022-05-14 00:06:16,14.8961,-24.4956,74.57,71,13,7.7
93,Ler,SS,2022-05-14 00:06:17,8.3018,30.1418,76.84,76,100,6.93
94,Pak Chong,TH,2022-05-14 00:06:17,14.708,101.4161,81.81,83,99,3.31
95,Hithadhoo,MV,2022-05-14 00:06:18,-0.6,73.0833,82.38,70,100,7.38
96,Olafsvik,IS,2022-05-14 00:06:19,64.8945,-23.7142,33.69,70,72,16.17
97,Hilo,US,2022-05-14 00:06:20,19.7297,-155.09,82.27,74,75,5.99
98,Saldanha,ZA,2022-05-14 00:06:20,-33.0117,17.9442,58.35,73,73,4.9
99,Abu Zabad,SD,2022-05-14 00:06:21,12.35,29.25,83.59,48,100,7.54
100,Hambantota,LK,2022-05-14 00:06:22,6.1241,81.1185,79.66,86,100,19.06
101,Tiksi,RU,2022-05-14 00:06:23,71.6872,128.8694,18.59,85,16,9.19
102,Tasiilaq,GL,2022-05-14 00:06:24,65.6145,-37.6368,24.96,74,26,2.84
103,Dekar,BW,2022-05-14 00:06:28,-21.5333,21.9333,62.24,32,0,6.02
104,Kalamb,IN,2022-05-14 00:06:29,19.05,73.95,73.81,82,48,9.57
105,Lesnica,RS,2022-05-14 00:06:30,44.6525,19.31,65.66,95,55,4.54
106,Sorsk,RU,2022-05-14 00:06:31,54.0033,90.2467,56.17,25,2,3.51
107,Kuloy,RU,2022-05-14 00:06:31,61.0305,42.4925,43.0,97,100,7.31
108,Galle,LK,2022-05-14 00:06:32,6.0367,80.217,79.81,87,100,14.65
109,Quatre Cocos,MU,2022-05-14 00:06:33,-20.2078,57.7625,70.09,72,65,12.57
110,Lorengau,PG,2022-05-14 00:06:34,-2.0226,147.2712,84.81,64,56,7.58
111,Sibolga,ID,2022-05-14 00:06:35,1.7427,98.7792,77.56,82,79,3.02
112,Matara,LK,2022-05-14 00:06:36,5.9485,80.5353,78.66,89,100,12.59
113,Ordu,TR,2022-05-14 00:06:36,40.9086,37.6845,36.1,63,0,6.35
114,Coihaique,CL,2022-05-14 00:06:37,-45.5752,-72.0662,43.41,81,75,6.91
115,Husavik,IS,2022-05-14 00:06:38,66.0449,-17.3389,31.75,95,99,1.54
116,Geraldton,AU,2022-05-14 00:06:39,-28.7667,114.6,61.21,77,100,10.36
117,Oranjemund,NA,2022-05-14 00:06:40,-28.55,16.4333,54.12,92,88,11.1
118,Yima,CN,2022-05-14 00:06:41,34.7381,111.8839,54.14,53,100,11.14
119,Abu Kamal,SY,2022-05-14 00:06:41,34.4506,40.9171,70.0,22,0,5.08
120,Ambon,ID,2022-05-14 00:06:42,-3.6954,128.1814,84.34,79,40,4.61
121,Lazaro Cardenas,MX,2022-05-14 00:06:43,17.9583,-102.2,84.36,64,100,11.7
122,Aureliana,PH,2022-05-14 00:06:44,10.8885,121.978,84.04,71,60,0.81
123,Arraial Do Cabo,BR,2022-05-14 00:06:45,-22.9661,-42.0278,72.93,70,91,6.87
124,Pauini,BR,2022-05-14 00:06:46,-7.7136,-66.9764,75.88,91,85,0.83
125,Manica,FR,2022-05-14 00:06:47,49.0,-1.1667,47.1,90,69,0.78
126,Guerrero Negro,MX,2022-05-14 00:06:49,27.9769,-114.0611,71.47,47,44,17.69
127,Hukuntsi,BW,2022-05-14 00:06:49,-24.0,21.75,61.29,24,29,8.03
128,Fort Nelson,CA,2022-05-14 00:06:50,58.8053,-122.7002,56.79,51,75,8.05
129,Elliot Lake,CA,2022-05-14 00:04:56,46.3834,-82.6331,63.52,80,52,5.88
130,Lodja,CD,2022-05-14 00:07:01,-3.4833,23.4333,72.41,78,80,1.32
131,Sisimiut,GL,2022-05-14 00:07:02,66.9395,-53.6735,24.28,72,100,7.52
132,Yulara,AU,2022-05-14 00:07:03,-25.2406,130.9889,72.05,37,68,8.57
133,Petropavlovsk-Kamchatskiy,RU,2022-05-14 00:07:04,53.0452,158.6483,39.79,100,100,11.18
134,Oranjestad,AW,2022-05-14 00:07:04,12.524,-70.027,80.46,86,78,28.63
135,Bathsheba,BB,2022-05-14 00:07:05,13.2167,-59.5167,81.21,74,20,20.71
136,Dikson,RU,2022-05-14 00:07:06,73.5069,80.5464,33.06,98,100,16.71
137,Kruisfontein,ZA,2022-05-14 00:07:07,-34.0033,24.7314,55.89,83,48,8.68
138,Puerto Colombia,CO,2022-05-14 00:07:07,10.9878,-74.9547,82.49,82,95,14.41
139,Port Lincoln,AU,2022-05-14 00:07:08,-34.7333,135.8667,65.14,70,34,20.76
140,Qaqortoq,GL,2022-05-14 00:07:09,60.7167,-46.0333,29.82,82,59,13.24
141,Torbay,CA,2022-05-14 00:05:51,47.6666,-52.7314,42.28,89,80,1.99
142,Kahului,US,2022-05-14 00:07:10,20.8947,-156.47,84.22,60,40,25.32
143,Bethel,US,2022-05-14 00:07:11,41.3712,-73.414,71.69,87,100,4.61
144,Kalya,IN,2022-05-14 00:07:12,12.9793,77.1806,69.15,94,94,7.05
145,Kirakira,SB,2022-05-14 00:07:13,-10.4544,161.9205,85.5,68,9,3.51
146,Ilulissat,GL,2022-05-14 00:07:13,69.2167,-51.1,23.02,74,75,3.44
147,Paysandu,UY,2022-05-14 00:07:14,-32.3214,-58.0756,58.6,81,100,4.88
148,Medicine Hat,CA,2022-05-14 00:07:15,50.0501,-110.6683,46.72,86,100,9.31
149,Saint George,US,2022-05-14 00:05:35,37.1041,-113.5841,86.59,8,0,9.22
150,Vao,NC,2022-05-14 00:07:17,-22.6667,167.4833,73.4,67,100,20.42
151,Karratha,AU,2022-05-14 00:07:18,-20.7377,116.8463,74.64,68,3,12.21
152,Mana,GF,2022-05-14 00:06:20,5.6592,-53.7767,78.15,87,19,10.04
153,Avera,US,2022-05-14 00:07:19,33.194,-82.5271,70.38,82,64,5.93
154,Pacific Grove,US,2022-05-14 00:07:24,36.6177,-121.9166,76.95,78,0,10.36
155,Menongue,AO,2022-05-14 00:07:25,-14.6585,17.691,57.81,63,12,3.83
156,Chaumont,FR,2022-05-14 00:07:25,48.1167,5.1333,46.36,85,8,2.26
157,Raga,SS,2022-05-14 00:07:26,8.4596,25.678,77.16,67,100,3.85
158,Nuuk,GL,2022-05-14 00:07:27,64.1835,-51.7216,25.41,80,100,8.05
159,Port Blair,IN,2022-05-14 00:07:28,11.6667,92.75,80.64,89,75,2.3
160,Liverpool,GB,2022-05-14 00:07:18,53.4106,-2.9779,53.82,85,0,5.75
161,Bay Roberts,CA,2022-05-14 00:07:29,47.5999,-53.2648,43.03,76,98,1.01
162,Nalut,LY,2022-05-14 00:07:30,30.3333,10.85,64.29,34,0,7.29
163,Mogadishu,SO,2022-05-14 00:07:30,2.0371,45.3438,80.94,83,67,13.8
164,Scarborough,GB,2022-05-14 00:06:12,54.2797,-0.4044,51.91,84,60,1.99
165,Novyy Rogachik,RU,2022-05-14 00:07:32,48.6768,44.0608,52.7,88,50,7.07
166,Codrington,AU,2022-05-14 00:07:32,-38.2667,141.9667,64.18,66,100,22.26
167,Pevek,RU,2022-05-14 00:07:33,69.7008,170.3133,32.32,76,83,20.29
168,Tagusao,PH,2022-05-14 00:07:34,9.1924,117.8141,82.44,77,100,2.39
169,Maragogi,BR,2022-05-14 00:04:49,-9.0122,-35.2225,78.69,82,49,5.14
170,Morros,BR,2022-05-14 00:07:36,-9.4467,-46.3003,80.29,47,84,2.24
171,Thompson,CA,2022-05-14 00:05:14,55.7435,-97.8558,35.76,93,100,21.85
172,Wilmington,US,2022-05-14 00:00:06,34.2257,-77.9447,71.94,84,75,5.75
173,Lavrentiya,RU,2022-05-14 00:07:37,65.5833,-171.0,31.08,83,4,5.19
174,Klaksvik,FO,2022-05-14 00:07:38,62.2266,-6.589,40.12,75,77,7.9
175,Malanje,AO,2022-05-14 00:07:39,-9.5402,16.341,65.73,78,82,2.68
176,Victoria,HK,2022-05-14 00:03:59,22.2855,114.1577,77.95,96,73,1.99
177,Loughrea,IE,2022-05-14 00:07:51,53.1969,-8.5669,48.16,98,97,6.53
178,El Cope,PA,2022-05-14 00:07:52,8.6167,-80.6,70.93,92,99,2.62
179,Saint-Philippe,RE,2022-05-14 00:07:53,-21.3585,55.7679,67.59,72,15,6.22
180,Vila Velha,BR,2022-05-14 00:06:31,-20.3297,-40.2925,75.15,83,75,6.91
181,North Bend,US,2022-05-14 00:07:54,43.4065,-124.2243,56.25,97,100,4.61
182,Saint-Augustin,CA,2022-05-14 00:07:55,51.226,-58.6502,42.96,60,100,8.32
183,Namibe,AO,2022-05-14 00:07:56,-15.1961,12.1522,72.7,70,3,3.09
184,New Norfolk,AU,2022-05-14 00:07:57,-42.7826,147.0587,57.92,88,100,1.86
185,Bembereke,BJ,2022-05-14 00:07:58,10.2283,2.6634,74.44,83,100,2.01
186,Aklavik,CA,2022-05-14 00:07:59,68.2191,-135.0107,32.68,84,100,19.66
187,Quelimane,MZ,2022-05-14 00:08:01,-17.8786,36.8883,67.24,89,0,1.66
188,Ribeira Grande,PT,2022-05-14 00:08:02,38.5167,-28.7,60.39,72,85,3.51
189,Tabou,CI,2022-05-14 00:08:03,4.423,-7.3528,80.42,85,78,9.91
190,Springhill,US,2022-05-14 00:08:04,33.006,-93.4668,85.89,65,33,1.25
191,Suvorov,RU,2022-05-14 00:08:05,54.1223,36.4966,51.91,94,79,8.95
192,Voh,NC,2022-05-14 00:08:06,-20.9667,164.7,76.44,63,100,7.85
193,Puerto Escondido,MX,2022-05-14 00:08:07,15.85,-97.0667,86.83,70,0,6.91
194,Omsukchan,RU,2022-05-14 00:08:08,62.5333,155.8,34.9,79,94,10.45
195,Okhotsk,RU,2022-05-14 00:08:09,59.3833,143.3,33.75,97,100,10.89
196,Gawler,AU,2022-05-14 00:08:10,-34.6,138.7333,66.25,72,94,14.92
197,Lompoc,US,2022-05-14 00:08:11,34.6391,-120.4579,82.56,59,0,31.0
198,Storforshei,NO,2022-05-14 00:08:12,66.4043,14.5233,41.67,93,40,2.3
199,Qinhuangdao,CN,2022-05-14 00:08:14,39.9317,119.5883,57.63,30,2,8.03
200,Esperance,AU,2022-05-14 00:08:15,-33.8667,121.9,55.96,66,65,19.42
201,Kaitangata,NZ,2022-05-14 00:08:16,-46.2817,169.8464,54.54,82,90,6.04
202,Altay,CN,2022-05-14 00:08:17,47.8667,88.1167,56.43,34,3,7.7
203,Tuni,IN,2022-05-14 00:08:17,17.35,82.55,81.3,88,30,1.79
204,Sheltozero,RU,2022-05-14 00:08:18,61.3667,35.3667,41.5,95,100,12.26
205,Karakol,KG,2022-05-14 00:08:19,42.4907,78.3936,49.8,58,96,3.0
206,Hamilton,US,2022-05-13 23:57:45,39.1834,-84.5333,81.37,73,89,3.69
207,Cayenne,GF,2022-05-14 00:08:20,4.9333,-52.3333,78.84,1,100,8.05
208,Ucluelet,CA,2022-05-14 00:08:21,48.9329,-125.5528,50.09,83,100,1.01
209,Tashtyp,RU,2022-05-14 00:08:21,52.7939,89.8983,54.21,42,2,1.66
210,Gouyave,GD,2022-05-14 00:08:22,12.1646,-61.7296,78.87,79,69,20.33
211,Kargasok,RU,2022-05-14 00:08:23,59.0556,80.8572,54.91,46,10,5.35
212,Vieste,IT,2022-05-14 00:08:24,41.8825,16.175,66.24,60,6,8.81
213,Campeche,MX,2022-05-14 00:06:46,19.0,-90.5,83.16,61,9,6.33
214,Vorukh,TJ,2022-05-14 00:08:25,39.8494,70.5838,56.66,72,68,2.24
215,Katakwi,UG,2022-05-14 00:08:26,1.8911,33.9661,65.03,91,73,1.57
216,Forbes,AU,2022-05-14 00:08:27,-33.3833,148.0167,67.91,94,100,3.44
217,Cockburn Town,TC,2022-05-14 00:08:02,21.4612,-71.1419,79.03,85,100,23.29
218,Pathein,MM,2022-05-14 00:08:28,16.7833,94.7333,81.34,83,11,3.04
219,Eyl,SO,2022-05-14 00:08:29,7.9803,49.8164,83.79,70,97,16.64
220,Mount Isa,AU,2022-05-14 00:08:30,-20.7333,139.5,71.37,53,0,9.22
221,Bontang,ID,2022-05-14 00:08:31,0.1333,117.5,77.77,89,100,5.75
222,Provideniya,RU,2022-05-14 00:08:42,64.3833,-173.3,40.91,52,4,7.47
223,Hagondange,FR,2022-05-14 00:07:34,49.2513,6.1681,55.98,80,27,1.61
224,Vestmannaeyjar,IS,2022-05-14 00:08:43,63.4427,-20.2734,42.24,60,100,4.54
225,Juli,PE,2022-05-14 00:08:43,-16.2167,-69.45,41.58,56,7,4.56
226,Vaitape,PF,2022-05-14 00:08:44,-16.5167,-151.75,81.59,69,10,16.26
227,Natitingou,BJ,2022-05-14 00:08:45,10.3042,1.3796,76.89,68,100,1.97
228,Uspenka,UA,2022-05-14 00:08:46,48.3903,39.1619,53.58,75,90,3.69
229,Xingyi,CN,2022-05-14 00:08:47,24.1877,102.817,61.25,94,89,4.21
230,Champerico,GT,2022-05-14 00:08:48,14.3,-91.9167,86.54,63,47,6.89
231,Northam,GB,2022-05-14 00:08:49,51.0333,-4.2167,52.39,94,67,7.23
232,Budingen,DE,2022-05-14 00:08:50,50.3,9.1167,53.65,82,43,1.83
233,Medina,SA,2022-05-14 00:08:52,24.4686,39.6142,90.03,9,0,8.05
234,Port Macquarie,AU,2022-05-14 00:08:53,-31.4333,152.9167,73.89,81,47,10.94
235,Cabedelo,BR,2022-05-14 00:08:19,-6.9811,-34.8339,77.67,83,90,10.58
236,Tank,PK,2022-05-14 00:08:54,32.2217,70.3793,86.79,8,0,4.94
237,Bani Walid,LY,2022-05-14 00:08:55,31.7566,13.9942,63.01,58,0,3.51
238,Ayolas,PY,2022-05-14 00:08:56,-27.4,-56.9,61.07,88,98,4.41
239,Olinda,BR,2022-05-14 00:05:40,-8.0089,-34.8553,79.84,78,84,8.66
240,East London,ZA,2022-05-14 00:08:57,-33.0153,27.9116,63.5,74,71,10.31
241,Dunedin,NZ,2022-05-14 00:08:59,-45.8742,170.5036,59.81,75,87,1.99
242,Ambilobe,MG,2022-05-14 00:09:00,-13.2,49.05,69.31,90,1,3.6
243,Chimoio,MZ,2022-05-14 00:09:01,-19.1164,33.4833,57.02,94,1,2.17
244,La Grande,US,2022-05-14 00:04:51,45.3246,-118.0877,57.97,37,74,3.04
245,Faanui,PF,2022-05-14 00:09:03,-16.4833,-151.75,81.57,68,11,16.22
246,Sebeta,ET,2022-05-14 00:09:04,8.9167,38.6167,57.99,53,36,3.56
247,Norman Wells,CA,2022-05-14 00:09:05,65.282,-126.8329,61.43,29,20,3.36
248,Fereydun Kenar,IR,2022-05-14 00:09:06,36.6864,52.5225,57.74,83,84,5.48
249,Wasilla,US,2022-05-14 00:09:07,61.5814,-149.4394,50.49,51,100,8.05
250,Nantong,CN,2022-05-14 00:09:08,32.0303,120.8747,64.0,67,45,1.01
251,Pimentel,PE,2022-05-14 00:09:09,-6.8367,-79.9342,65.3,86,74,13.44
252,Ponta Do Sol,PT,2022-05-14 00:09:10,32.6667,-17.1,67.01,82,28,5.5
253,Acapulco,MX,2022-05-14 00:07:13,16.8634,-99.8901,87.62,66,75,9.22
254,Surt,LY,2022-05-14 00:09:12,31.2089,16.5887,64.92,67,3,4.29
255,Yeppoon,AU,2022-05-14 00:09:13,-23.1333,150.7333,73.18,68,20,5.44
256,Lavumisa,SZ,2022-05-14 00:09:14,-27.31,31.892,63.21,95,42,1.32
257,Svetlyy,RU,2022-05-14 00:09:15,54.675,20.1347,46.45,87,33,13.42
258,Alice Springs,AU,2022-05-14 00:09:15,-23.7,133.8833,74.75,29,57,0.0
259,Guiratinga,BR,2022-05-14 00:09:16,-16.3494,-53.7583,78.98,49,49,6.22
260,Palmer,US,2022-05-14 00:09:17,42.1584,-72.3287,75.81,66,20,14.97
261,Bay Saint Louis,US,2022-05-14 00:09:18,30.3088,-89.33,80.69,72,75,0.0
262,Longyearbyen,SJ,2022-05-14 00:09:19,78.2186,15.6401,22.84,63,75,11.5
263,Sitka,US,2022-05-14 00:09:20,57.0531,-135.33,48.09,71,100,12.66
264,Tuy Hoa,VN,2022-05-14 00:09:21,13.0833,109.3,81.25,82,100,3.91
265,Kaduy,RU,2022-05-14 00:09:22,59.2,37.15,45.25,94,100,12.57
266,Rio Cuarto,AR,2022-05-14 00:05:54,-33.1307,-64.3499,58.77,77,75,5.75
267,Beaverlodge,CA,2022-05-14 00:09:26,55.2166,-119.4361,54.3,52,98,14.07
268,Barra Do Garcas,BR,2022-05-14 00:09:31,-15.89,-52.2567,76.15,55,15,2.35
269,Dourbali,TD,2022-05-14 00:09:37,11.8091,15.8632,89.56,41,77,7.9
270,Mariakani,KE,2022-05-14 00:09:38,-3.8633,39.4736,71.04,92,8,5.97
271,Juneau,US,2022-05-14 00:08:18,58.3019,-134.4197,51.8,93,75,24.16
272,Moerai,PF,2022-05-14 00:09:40,-22.4333,-151.3333,80.02,75,68,19.17
273,Burnie,AU,2022-05-14 00:09:41,-41.0667,145.9167,62.92,95,100,12.5
274,Mar Del Plata,AR,2022-05-14 00:08:32,-38.0023,-57.5575,54.88,87,97,3.0
275,Mahebourg,MU,2022-05-14 00:09:42,-20.4081,57.7,73.99,72,28,11.32
276,Hualmay,PE,2022-05-14 00:09:43,-11.0964,-77.6139,64.08,86,41,9.13
277,Banjar,ID,2022-05-14 00:09:44,-8.19,114.9675,81.63,79,89,2.57
278,Butaritari,KI,2022-05-14 00:09:45,3.0707,172.7902,80.89,74,74,9.13
279,Aksarka,RU,2022-05-14 00:09:46,66.5606,67.7975,37.65,93,72,4.09
280,La Union,PE,2022-05-14 00:09:46,-5.4,-80.75,73.71,63,60,17.72
281,Estremoz,PT,2022-05-14 00:09:47,38.8443,-7.5859,65.08,54,100,3.18
282,Iqaluit,CA,2022-05-14 00:06:28,63.7506,-68.5145,20.7,85,35,21.0
283,Hue,VN,2022-05-14 00:09:48,16.4667,107.6,82.51,89,40,1.14
284,Medeiros Neto,BR,2022-05-14 00:09:49,-17.3739,-40.2206,69.85,95,59,5.14
285,Ancud,CL,2022-05-14 00:09:49,-41.8697,-73.8203,49.5,83,100,5.12
286,Lata,PT,2022-05-14 00:09:50,40.1629,-8.3327,59.81,60,100,1.21
287,Birnin Kebbi,NG,2022-05-14 00:09:51,12.4539,4.1975,90.34,38,64,10.13
288,Brae,GB,2022-05-14 00:09:52,60.3964,-1.353,45.48,77,29,14.23
289,Mahibadhoo,MV,2022-05-14 00:09:52,3.7833,72.9667,82.04,79,100,23.15
290,Toamasina,MG,2022-05-14 00:09:53,-18.1667,49.3833,71.15,83,88,5.57
291,Vanimo,PG,2022-05-14 00:09:55,-2.6741,141.3028,84.22,70,56,5.03
292,Soller,ES,2022-05-14 00:09:56,39.7662,2.7152,66.04,63,5,1.99
293,Alofi,NU,2022-05-14 00:09:57,-19.0595,-169.9187,78.17,56,100,17.49
294,Katsuura,JP,2022-05-14 00:09:58,35.1333,140.3,69.82,97,100,25.77
295,Prince Rupert,CA,2022-05-14 00:06:24,54.3161,-130.3201,44.69,87,100,10.36
296,Waingapu,ID,2022-05-14 00:09:59,-9.6567,120.2641,80.73,76,25,2.68
297,Kalmunai,LK,2022-05-14 00:10:00,7.4167,81.8167,79.32,80,100,5.7
298,Mahajanga,MG,2022-05-14 00:10:01,-15.7167,46.3167,69.82,78,0,6.91
299,Sur,OM,2022-05-14 00:10:02,22.5667,59.5289,87.64,36,4,11.72
300,Maxixe,MZ,2022-05-14 00:10:02,-23.8597,35.3472,68.2,80,0,3.29
301,Walvis Bay,NA,2022-05-14 00:10:03,-22.9575,14.5053,56.08,66,1,7.74
302,Waipawa,NZ,2022-05-14 00:10:04,-41.4122,175.5153,59.92,59,81,8.34
303,Mount Gambier,AU,2022-05-14 00:10:05,-37.8333,140.7667,60.71,82,100,17.27
304,Muisne,EC,2022-05-14 00:10:07,0.6,-80.0333,76.91,87,98,8.93
305,Tumut,AU,2022-05-14 00:10:08,-35.3,148.2167,64.56,90,100,1.48
306,Maniitsoq,GL,2022-05-14 00:10:09,65.4167,-52.9,26.67,71,59,14.54
307,Pedernales,DO,2022-05-14 00:10:09,18.0384,-71.744,81.27,73,99,8.99
308,Xuddur,SO,2022-05-14 00:10:10,4.1213,43.8894,73.81,78,76,16.8
309,Huarmey,PE,2022-05-14 00:10:11,-10.0681,-78.1522,65.44,84,76,8.57
310,Charters Towers,AU,2022-05-14 00:08:50,-20.1,146.2667,74.86,54,7,11.63
311,Tigil,RU,2022-05-14 00:10:12,57.8,158.6667,43.36,88,100,4.54
312,Finsterwalde,DE,2022-05-14 00:10:13,51.6333,13.7167,50.18,86,84,6.58
313,Georgetown,MY,2022-05-14 00:10:14,5.4112,100.3354,82.33,83,20,0.0
314,Ranot,TH,2022-05-14 00:10:14,7.7777,100.3213,81.3,80,95,4.34
315,Jinchang,CN,2022-05-14 00:10:15,38.4953,102.1739,44.33,70,95,3.65
316,Srednekolymsk,RU,2022-05-14 00:10:26,67.45,153.6833,41.25,74,80,6.69
317,Chuy,UY,2022-05-14 00:10:27,-33.6971,-53.4616,56.34,79,98,5.68
318,Bend,US,2022-05-14 00:08:17,44.0582,-121.3153,55.26,53,0,10.36
319,Peru,US,2022-05-14 00:10:28,40.7537,-86.0689,83.14,50,0,9.22
320,Sorland,NO,2022-05-14 00:10:28,67.667,12.6934,42.66,88,100,27.36
321,Bakel,SN,2022-05-14 00:10:29,14.905,-12.4568,90.7,18,91,4.81
322,Mabaruma,GY,2022-05-14 00:10:30,8.2,-59.7833,74.21,93,76,3.42
323,Reconquista,AR,2022-05-14 00:10:31,-29.15,-59.65,59.41,86,100,6.2
324,Luwingu,ZM,2022-05-14 00:10:31,-10.2621,29.9271,54.39,83,6,2.42
325,Languyan,PH,2022-05-14 00:10:32,5.2618,120.0807,81.19,79,100,1.16
326,Broome,US,2022-05-14 00:10:33,42.2506,-75.833,74.17,64,20,4.61
327,Buraydah,SA,2022-05-14 00:10:34,26.326,43.975,75.94,17,0,8.46
328,Noumea,NC,2022-05-14 00:08:49,-22.2763,166.4572,82.38,99,100,14.7
329,Kichera,RU,2022-05-14 00:10:35,55.9375,110.0997,48.61,58,93,2.8
330,Beringovskiy,RU,2022-05-14 00:10:36,63.05,179.3167,37.83,86,100,2.91
331,Sao Joao Da Barra,BR,2022-05-14 00:07:32,-21.6403,-41.0511,72.28,79,99,6.85
332,Caravelas,BR,2022-05-14 00:10:40,-17.7125,-39.2481,75.42,80,40,6.91
333,Anqing,CN,2022-05-14 00:10:41,30.5092,117.0506,64.15,61,61,12.21
334,Innisfail,AU,2022-05-14 00:10:43,-17.5333,146.0333,78.33,69,7,1.1
335,Jiangyan,CN,2022-05-14 00:10:43,32.5061,120.1428,62.13,56,62,6.24
336,Erzin,TR,2022-05-14 00:10:44,36.9559,36.2,65.17,61,64,0.63
337,Lagoa,PT,2022-05-14 00:10:45,39.05,-27.9833,58.8,81,100,4.36
338,Bac Lieu,VN,2022-05-14 00:10:46,9.285,105.7244,83.57,78,100,4.56
339,Touros,BR,2022-05-14 00:10:46,-5.1989,-35.4608,78.1,86,91,9.22
340,Namur,BE,2022-05-14 00:10:47,50.4669,4.8675,52.14,91,18,6.06
341,Meulaboh,ID,2022-05-14 00:10:48,4.1363,96.1285,78.33,86,81,2.28
342,Manjo,CM,2022-05-14 00:07:14,4.8428,9.8217,70.95,98,89,2.01
343,Houma,US,2022-05-14 00:09:07,29.5958,-90.7195,70.0,98,100,10.36
344,Sovetskaya Gavan,RU,2022-05-14 00:10:49,48.9723,140.2878,41.38,94,100,5.37
345,Bulle,CH,2022-05-14 00:10:50,46.6195,7.0567,61.25,75,60,2.46
346,Washim,IN,2022-05-14 00:10:51,20.1,77.15,86.36,33,7,6.49
347,Mezen,RU,2022-05-14 00:10:52,65.8522,44.24,44.38,86,100,4.79
348,Soavinandriana,MG,2022-05-14 00:10:53,-19.1667,46.7333,51.75,90,75,5.21
349,Tautira,PF,2022-05-14 00:10:53,-17.7333,-149.15,80.87,69,25,16.8
350,Vardo,NO,2022-05-14 00:10:54,70.3705,31.1107,33.78,86,100,8.05
351,Bagan,RU,2022-05-14 00:10:55,54.1001,77.6646,59.67,40,76,6.2
352,Necochea,AR,2022-05-14 00:10:56,-38.5473,-58.7368,48.36,65,54,8.41
353,Celestun,MX,2022-05-14 00:10:56,20.8667,-90.4,79.72,63,0,15.57
354,Uirauna,BR,2022-05-14 00:10:57,-6.5183,-38.4122,76.75,73,85,4.21
355,Leshukonskoye,RU,2022-05-14 00:10:58,64.8989,45.7622,44.64,89,76,4.54
356,Price,US,2022-05-14 00:10:59,39.5994,-110.8107,69.12,10,0,14.97
357,Tazovskiy,RU,2022-05-14 00:11:00,67.4667,78.7,35.11,97,100,6.82
358,Erdenet,MN,2022-05-14 00:11:01,49.0333,104.0833,45.88,37,11,2.28
359,Oktyabrskiy,RU,2022-05-14 00:11:02,54.4815,53.471,41.34,93,88,6.82
360,Comodoro Rivadavia,AR,2022-05-14 00:11:03,-45.8667,-67.5,49.86,50,0,10.36
361,Statesboro,US,2022-05-14 00:11:04,32.4488,-81.7832,71.4,83,40,0.0
362,Samarai,PG,2022-05-14 00:11:05,-10.6167,150.6667,83.59,75,41,5.73
363,Asfi,MA,2022-05-14 00:11:05,32.2994,-9.2372,66.83,76,95,5.68
364,Isangel,VU,2022-05-14 00:11:16,-19.55,169.2667,78.55,59,95,14.41
365,San Policarpo,PH,2022-05-14 00:11:17,12.1791,125.5072,82.72,79,100,8.1
366,Abulug,PH,2022-05-14 00:11:18,18.4453,121.4533,82.6,78,34,3.74
367,Aketi,CD,2022-05-14 00:07:11,2.7388,23.7833,70.23,97,100,0.81
368,Sembakung,ID,2022-05-14 00:11:19,3.8167,117.25,74.21,97,100,1.01
369,Marawi,PH,2022-05-14 00:11:20,7.9986,124.2928,76.12,79,93,0.25
370,Cap Malheureux,MU,2022-05-14 00:11:21,-19.9842,57.6142,75.25,72,40,14.05
371,Oussouye,SN,2022-05-14 00:11:21,12.485,-16.5469,75.0,82,67,8.3
372,Mabai,CN,2022-05-14 00:11:22,23.0128,104.4508,62.64,98,100,3.27
373,La Palma,US,2022-05-14 00:11:23,33.8464,-118.0467,96.96,25,0,16.11
374,Hasaki,JP,2022-05-14 00:11:24,35.7333,140.8333,70.29,95,100,24.18
375,Solnechnyy,RU,2022-05-14 00:11:25,50.7214,136.6319,50.68,42,21,4.83
376,Kushmurun,KZ,2022-05-14 00:11:27,52.4503,64.6311,57.67,63,100,17.16
377,Conde,BR,2022-05-14 00:11:27,-7.2597,-34.9075,76.46,94,20,3.44
378,Julio De Castilhos,BR,2022-05-14 00:11:28,-29.2269,-53.6817,52.18,91,90,7.2
379,Amahai,ID,2022-05-14 00:11:29,-3.3333,128.9167,82.29,78,88,1.48
380,Nyimba,ZM,2022-05-14 00:11:30,-14.5566,30.8149,61.05,78,18,3.65
381,Leningradskiy,RU,2022-05-14 00:11:31,69.3833,178.4167,35.24,91,39,5.79
382,Port-Gentil,GA,2022-05-14 00:11:32,-0.7193,8.7815,80.44,84,86,8.37
383,Bonthe,SL,2022-05-14 00:11:32,7.5264,-12.505,80.83,83,78,2.77
384,Pontes E Lacerda,BR,2022-05-14 00:11:33,-15.2261,-59.3353,75.9,69,59,2.8
385,Kortkeros,RU,2022-05-14 00:11:34,61.8106,51.5806,46.18,88,85,1.05
386,Lulea,SE,2022-05-14 00:11:35,65.5842,22.1547,35.67,87,20,0.0
387,Hobyo,SO,2022-05-14 00:11:36,5.3505,48.5268,81.48,78,99,23.17
388,Suarez,CO,2022-05-14 00:11:37,2.954,-76.6964,69.84,97,99,2.91
389,Achinsk,RU,2022-05-14 00:11:37,56.2694,90.4993,57.74,38,0,6.06
390,Bisho,ZA,2022-05-14 00:11:38,-32.8472,27.4422,54.95,89,81,3.44
391,Bakchar,RU,2022-05-14 00:11:39,57.0186,82.0711,54.55,44,30,4.68
392,Kudahuvadhoo,MV,2022-05-14 00:11:40,2.6708,72.8944,81.81,79,100,19.35
393,Plettenberg Bay,ZA,2022-05-14 00:11:40,-34.0527,23.3716,56.37,77,72,7.7
394,Kristiinankaupunki,FI,2022-05-14 00:11:41,62.2743,21.376,39.99,82,25,8.93
395,La Ronge,CA,2022-05-14 00:11:42,55.1001,-105.2842,42.73,69,100,15.12
396,Carauari,BR,2022-05-14 00:11:43,-4.8828,-66.8958,74.89,97,40,2.08
397,Ilheus,BR,2022-05-14 00:11:43,-14.7889,-39.0494,74.34,83,51,4.47
398,Beyneu,KZ,2022-05-14 00:11:44,45.3167,55.2,57.72,57,78,13.98
399,Orje,NO,2022-05-14 00:11:45,59.4802,11.6602,48.36,88,93,13.06
400,Cidreira,BR,2022-05-14 00:11:46,-30.1811,-50.2056,63.19,74,67,10.74
401,Jaciara,BR,2022-05-14 00:11:47,-15.9653,-54.9683,78.57,51,67,0.31
402,Hayesville,US,2022-05-14 00:11:48,44.986,-122.9829,54.21,80,100,5.75
403,Marsh Harbour,BS,2022-05-14 00:11:48,26.5412,-77.0636,77.11,79,44,16.04
404,Sehithwa,BW,2022-05-14 00:11:49,-20.4667,22.7167,62.4,28,0,4.32
405,Great Falls,US,2022-05-14 00:11:50,47.5002,-111.3008,49.39,24,0,28.77
406,Praia Da Vitoria,PT,2022-05-14 00:11:51,38.7333,-27.0667,58.75,95,100,2.75
407,Shubarshi,KZ,2022-05-14 00:11:51,48.5872,57.1869,55.27,82,100,18.01
408,Boyolangu,ID,2022-05-14 00:11:53,-8.1181,111.8935,79.29,87,100,1.3
409,Aksu,CN,2022-05-14 00:11:53,41.1231,80.2644,61.79,50,100,2.26
410,Paamiut,GL,2022-05-14 00:11:54,61.994,-49.6678,29.66,69,100,24.7
411,Shenjiamen,CN,2022-05-14 00:11:55,29.9576,122.298,62.67,68,24,14.32
412,Kyren,RU,2022-05-14 00:12:06,51.6828,102.1408,50.81,37,9,0.92
413,Xining,CN,2022-05-14 00:12:06,36.6167,101.7667,37.49,80,100,3.58
414,Pochutla,MX,2022-05-14 00:12:07,15.7432,-96.4661,86.83,59,80,7.67
415,Bandarbeyla,SO,2022-05-14 00:12:08,9.4942,50.8122,81.16,87,100,20.4
416,Hutchinson,US,2022-05-14 00:09:16,38.0608,-97.9298,80.73,58,40,6.91
417,Sabha,LY,2022-05-14 00:12:09,27.0377,14.4283,66.06,41,0,10.4
418,San Joaquin,US,2022-05-14 00:08:12,37.9333,-121.3011,83.19,30,0,11.5
419,Arraias,BR,2022-05-14 00:12:10,-12.9288,-46.9437,73.0,41,93,4.54
420,Norfolk,US,2022-05-14 00:08:01,42.1668,-71.2495,77.18,82,0,10.36
421,Yamada,JP,2022-05-14 00:12:12,39.4667,141.95,65.08,93,100,7.29
422,Challapata,BO,2022-05-14 00:12:13,-18.9,-66.7667,44.15,24,1,6.6
423,Bagdarin,RU,2022-05-14 00:12:14,54.4333,113.6,50.34,41,83,9.01
424,Monrovia,LR,2022-05-14 00:12:15,6.3005,-10.7969,80.38,85,60,4.41
425,Phan Thiet,VN,2022-05-14 00:12:16,10.9333,108.1,82.53,78,55,3.15
426,Skjervoy,NO,2022-05-14 00:12:16,70.0311,20.9714,32.0,77,80,8.16
427,Manggar,ID,2022-05-14 00:12:17,-2.8833,108.2667,82.06,74,100,0.92
428,Oistins,BB,2022-05-14 00:12:18,13.0667,-59.5333,80.69,74,20,20.71
429,Amboasary,MG,2022-05-14 00:12:18,-25.0333,46.3833,63.45,87,0,3.58
430,Hede,CN,2022-05-14 00:12:19,33.7681,120.2517,63.34,53,77,7.54
431,Margate,GB,2022-05-14 00:12:20,51.3813,1.3862,52.7,83,46,1.99
432,Tumpat,MY,2022-05-14 00:12:21,6.1978,102.171,78.6,87,83,3.94
433,Thap Khlo,TH,2022-05-14 00:12:22,16.16,100.5966,85.84,88,58,3.58
434,Muros,ES,2022-05-14 00:12:23,42.7762,-9.0603,58.08,81,100,4.03
435,Padang,ID,2022-05-14 00:12:23,-0.9492,100.3543,73.45,75,91,4.12
436,Tomatlan,MX,2022-05-14 00:12:24,19.9333,-105.25,86.04,50,95,7.83
437,Luderitz,NA,2022-05-14 00:12:26,-26.6481,15.1594,55.87,63,84,12.66
438,Ibra,OM,2022-05-14 00:12:27,22.6906,58.5334,77.25,19,1,2.13
439,Patos,BR,2022-05-14 00:12:27,-7.0244,-37.28,75.87,80,47,5.21
440,Canto Do Buriti,BR,2022-05-14 00:12:28,-8.11,-42.9444,78.85,48,99,3.91
441,Verkhnyaya Inta,RU,2022-05-14 00:12:29,65.9811,60.3094,47.23,71,32,7.94
442,Kuldur,RU,2022-05-14 00:12:30,49.2167,131.6333,54.43,31,71,2.08
443,Port Hedland,AU,2022-05-14 00:12:31,-20.3167,118.5667,69.85,100,100,12.66
444,Coari,BR,2022-05-14 00:09:24,-4.085,-63.1414,75.29,97,96,2.53
445,Uddevalla,SE,2022-05-14 00:12:25,58.3478,11.9424,51.08,96,98,7.0
446,Ixtapa,MX,2022-05-14 00:12:33,20.7,-105.2,82.22,69,40,11.5
447,Bulgan,MN,2022-05-14 00:12:34,48.8125,103.5347,46.35,41,45,1.28
448,Tuatapere,NZ,2022-05-14 00:12:35,-46.1333,167.6833,57.49,83,82,2.06
449,Constitucion,CL,2022-05-14 00:12:36,-35.3333,-72.4167,51.94,67,46,7.61
450,Tura,IN,2022-05-14 00:12:36,25.5198,90.2201,72.64,97,31,3.06
451,Faya,SA,2022-05-14 00:12:37,18.3851,42.4509,64.92,22,22,6.46
452,Bermejo,AR,2022-05-14 00:12:38,-32.8833,-68.8,54.82,81,90,2.91
453,Vinh,VN,2022-05-14 00:12:39,18.6667,105.6667,79.84,90,93,4.52
454,Taua,BR,2022-05-14 00:12:40,-5.9667,-40.3,73.71,81,36,4.83
455,Grodzisk Mazowiecki,PL,2022-05-14 00:12:40,52.1039,20.6337,53.94,95,71,9.91
456,Russell,US,2022-05-14 00:12:41,32.3502,-85.1999,78.4,69,0,0.0
457,Singaraja,ID,2022-05-14 00:12:42,-8.112,115.0882,82.4,74,86,2.13
458,Ahipara,NZ,2022-05-14 00:12:42,-35.1667,173.1667,61.7,60,87,6.51
459,Bani,DO,2022-05-14 00:12:54,18.2833,-70.3333,80.85,82,100,9.19
460,Thap Than,TH,2022-05-14 00:12:55,15.4606,99.8917,83.71,78,99,1.32
461,Chitrakonda,IN,2022-05-14 00:12:55,18.1167,82.0833,76.95,84,50,2.82
462,Labuhan,ID,2022-05-14 00:13:00,-6.8844,112.2051,80.31,85,100,6.58
463,Lhokseumawe,ID,2022-05-14 00:13:01,5.1801,97.1507,78.78,89,100,5.7
464,Wald-Michelbach,DE,2022-05-14 00:13:02,49.57,8.8317,53.28,68,4,1.45
465,Richmond,US,2022-05-14 00:11:23,37.5538,-77.4603,71.58,85,75,10.36
466,Qurayyat,SA,2022-05-14 00:13:03,31.3318,37.3428,74.5,23,0,6.06
467,Katobu,ID,2022-05-14 00:13:04,-4.9408,122.5276,80.64,82,100,1.61
468,Bilibino,RU,2022-05-14 00:13:04,68.0546,166.4372,32.61,82,47,3.22
469,Dingle,PH,2022-05-14 00:13:05,10.9995,122.6711,83.12,74,96,0.49
470,Pitimbu,BR,2022-05-14 00:13:06,-7.4706,-34.8086,77.59,79,83,9.24
471,Peniche,PT,2022-05-14 00:13:07,39.3558,-9.3811,67.28,73,100,8.34
472,Haines Junction,CA,2022-05-14 00:13:07,60.7522,-137.5108,41.63,60,100,6.33
473,Vila Franca Do Campo,PT,2022-05-14 00:13:08,37.7167,-25.4333,63.19,89,100,8.63
474,Arrecife,ES,2022-05-14 00:13:09,28.963,-13.5477,67.98,73,20,4.61
475,Gacko,BA,2022-05-14 00:13:10,43.1672,18.5353,54.19,91,81,4.81
476,Rangapara,IN,2022-05-14 00:13:11,26.8167,92.65,72.46,97,91,4.88
477,Port Antonio,JM,2022-05-14 00:13:12,18.18,-76.4612,76.95,85,100,11.03
478,Pemangkat,ID,2022-05-14 00:13:12,1.1667,108.9667,79.99,76,96,4.63
479,La Asuncion,VE,2022-05-14 00:13:13,11.0333,-63.8628,78.89,83,79,19.95
480,Kulhudhuffushi,MV,2022-05-14 00:13:14,6.6221,73.07,83.64,78,99,20.71
481,Te Anau,NZ,2022-05-14 00:13:15,-45.4167,167.7167,55.2,89,100,0.87
482,Port Shepstone,ZA,2022-05-14 00:13:16,-30.7414,30.455,67.77,82,92,9.15
483,Kailua,US,2022-05-14 00:12:02,21.4022,-157.7394,84.18,65,40,11.5
484,Bubaque,GW,2022-05-14 00:13:18,11.2833,-15.8333,78.21,85,76,11.3
485,Agawam,US,2022-05-14 00:13:23,42.0695,-72.6148,76.24,72,0,14.97
486,Wanaka,NZ,2022-05-14 00:13:23,-44.7,169.15,50.43,93,100,3.4
487,Salalah,OM,2022-05-14 00:13:24,17.0151,54.0924,82.49,54,0,4.61
488,Heze,CN,2022-05-14 00:13:25,35.2431,115.4411,64.53,30,100,7.92
489,Portland,US,2022-05-14 00:10:57,45.5234,-122.6762,54.73,80,100,12.66
490,Kununurra,AU,2022-05-14 00:13:30,-15.7667,128.7333,76.98,78,10,2.3
491,Dumabato,PH,2022-05-14 00:13:30,16.3167,121.7,82.47,73,30,1.16
492,Boyuibe,BO,2022-05-14 00:13:31,-20.4167,-63.2833,68.61,73,17,3.62
493,Los Llanos De Aridane,ES,2022-05-14 00:13:32,28.6585,-17.9182,65.95,87,75,1.99
494,Coquimbo,CL,2022-05-14 00:13:33,-29.9533,-71.3436,55.13,94,20,4.61
495,Gilbues,BR,2022-05-14 00:13:33,-9.8317,-45.3439,79.52,48,86,3.27
496,Glendive,US,2022-05-14 00:13:34,47.1053,-104.7125,56.82,67,40,17.27
497,Indian Head,US,2022-05-14 00:13:35,38.6001,-77.1622,73.31,82,0,4.61
498,Nova Olimpia,BR,2022-05-14 00:13:36,-14.7972,-57.2881,82.08,50,57,2.04
499,Bonavista,CA,2022-05-14 00:13:36,48.6499,-53.1147,35.67,79,92,5.75
500,Jalu,LY,2022-05-14 00:13:37,29.0331,21.5482,67.01,54,24,15.39
501,Fort-Shevchenko,KZ,2022-05-14 00:13:38,44.5086,50.263,58.66,70,4,15.52
502,Maryville,US,2022-05-14 00:13:39,35.7565,-83.9705,73.54,89,100,4.61
503,Santa Isabel Do Rio Negro,BR,2022-05-14 00:13:40,-0.4139,-65.0192,75.11,92,70,2.98
504,Barra Do Corda,BR,2022-05-14 00:13:53,-5.5,-45.25,74.48,95,95,1.97
505,Rensvik,NO,2022-05-14 00:13:54,63.1,7.8167,43.07,81,100,10.36
506,West Bay,KY,2022-05-14 00:13:54,19.3667,-81.4167,83.07,75,0,7.78
507,Zhanaozen,KZ,2022-05-14 00:13:55,43.3,52.8,54.84,59,8,9.24
508,Calabar,NG,2022-05-14 00:13:56,4.9517,8.322,76.77,92,99,3.33
509,Tornio,FI,2022-05-14 00:13:56,65.8481,24.1466,32.02,90,42,5.21
510,Huejuquilla El Alto,MX,2022-05-14 00:13:57,22.6,-103.8667,71.11,47,76,5.7
511,Likasi,CD,2022-05-14 00:13:58,-10.9814,26.7333,56.7,74,20,3.78
512,Narsaq,GL,2022-05-14 00:13:59,60.9167,-46.05,35.82,82,76,7.0
513,Port Keats,AU,2022-05-14 00:13:59,-14.25,129.55,82.65,66,42,2.53
514,Shasta Lake,US,2022-05-14 00:14:01,40.6804,-122.3708,75.92,39,100,3.62
515,Xam Nua,LA,2022-05-14 00:14:01,20.4197,104.0439,70.48,91,43,1.52
516,Brewster,US,2022-05-14 00:12:40,41.3973,-73.6171,71.94,85,100,4.61
517,Yar-Sale,RU,2022-05-14 00:14:03,66.8333,70.8333,37.47,96,84,9.86
518,Sorong,ID,2022-05-14 00:14:03,-0.8833,131.25,78.82,88,100,3.02
519,Inuvik,CA,2022-05-14 00:14:04,68.3499,-133.7218,34.23,87,100,16.2
520,San Patricio,US,2022-05-14 00:14:05,28.017,-97.5169,84.92,62,2,16.82
521,Boa Vista,BR,2022-05-14 00:14:06,2.8197,-60.6733,78.37,79,84,4.21
522,Chenzhou,CN,2022-05-14 00:14:07,25.8,113.0333,64.45,99,100,2.46
523,College,US,2022-05-14 00:14:08,64.8569,-147.8028,47.59,64,75,5.75
524,Antonina,BR,2022-05-14 00:14:09,-25.4286,-48.7119,68.2,92,69,0.63
525,San Juan,AR,2022-05-14 00:14:09,-31.5375,-68.5364,60.26,67,69,12.71
526,Tymovskoye,RU,2022-05-14 00:14:10,50.8456,142.655,48.92,70,100,2.93
527,Kieta,PG,2022-05-14 00:14:11,-6.2167,155.6333,84.88,62,25,3.22
528,Angostura,MX,2022-05-14 00:14:12,25.3667,-108.1833,91.99,35,84,9.69
529,Novoagansk,RU,2022-05-14 00:14:12,61.9449,76.6625,53.76,69,100,7.27
530,Alyangula,AU,2022-05-14 00:14:13,-13.8483,136.4192,80.62,60,3,7.94
531,Colon,PA,2022-05-14 00:14:14,9.3592,-79.9014,82.15,78,95,4.72
532,Bundaberg,AU,2022-05-14 00:14:15,-24.85,152.35,78.22,84,100,8.05
533,Obihiro,JP,2022-05-14 00:14:15,42.9172,143.2044,54.81,95,100,3.11
534,Pimenta Bueno,BR,2022-05-14 00:14:16,-11.6725,-61.1936,76.87,80,88,2.73
535,Young,UY,2022-05-14 00:14:17,-32.6833,-57.6333,53.53,81,100,5.26
536,Dawei,MM,2022-05-14 00:14:18,14.0833,98.2,77.74,90,51,2.71
537,Los Banos,PH,2022-05-14 00:14:18,14.1667,121.1833,85.8,64,26,3.09
538,Minamata,JP,2022-05-14 00:14:19,32.2167,130.4,67.42,87,100,8.01
539,Curitibanos,BR,2022-05-14 00:14:20,-27.2828,-50.5844,49.96,99,21,3.33
540,Kidal,ML,2022-05-14 00:14:20,18.4411,1.4078,87.35,8,16,12.68
541,Gat,IL,2022-05-14 00:14:21,31.61,34.7642,78.4,42,4,4.76
542,Mananjary,MG,2022-05-14 00:14:22,-21.2167,48.3333,70.75,76,73,0.56
543,Benton Harbor,US,2022-05-14 00:14:23,42.1167,-86.4542,84.85,42,0,5.75
544,Ukiah,US,2022-05-14 00:13:41,39.1502,-123.2078,76.44,54,0,13.8
545,Dezhou,CN,2022-05-14 00:14:24,37.4486,116.2925,63.45,29,84,8.03
546,Atar,MR,2022-05-14 00:14:25,20.5169,-13.0499,91.78,12,78,11.36
547,San Quintin,MX,2022-05-14 00:14:26,30.4833,-115.95,68.65,57,58,12.75
548,Avallon,FR,2022-05-14 00:14:27,47.4833,3.9,50.41,89,8,3.36
549,Cascais,PT,2022-05-14 00:14:27,38.6979,-9.4215,73.96,68,100,5.01
550,Songjianghe,CN,2022-05-14 00:14:28,42.1859,127.479,42.24,56,85,8.99
551,Teknaf,BD,2022-05-14 00:14:39,20.8624,92.3058,80.6,87,59,5.35
552,Clyde River,CA,2022-05-14 00:14:39,70.4692,-68.5914,20.37,84,20,10.85
553,Nome,US,2022-05-14 00:14:40,64.5011,-165.4064,39.27,48,0,10.36
554,Zaysan,KZ,2022-05-14 00:14:41,47.4667,84.8667,61.54,33,36,5.23
